2025-07-18T12:49:28.264Z,734.20,745.84,-0.96,0.00,1.561,1000
2025-07-18T12:49:29.922Z,734.20,745.93,0.00,-0.91,1.572,1000
2025-07-18T12:49:31.826Z,734.20,745.99,0.00,-0.92,1.58,1000
2025-07-18T12:49:36.621Z,734.20,746.09,0.00,-0.83,1.594,1000
2025-07-18T12:51:12.278Z,734.20,746.23,-0.80,0.00,1.611,1000
2025-07-18T12:51:46.585Z,734.20,746.24,-0.83,0.00,1.612,1000
2025-07-18T12:51:48.737Z,734.20,746.25,-0.87,0.00,1.614,1000
2025-07-18T12:51:49.115Z,734.20,746.26,-0.87,0.00,1.616,1000
2025-07-18T12:51:50.087Z,734.20,746.28,-0.89,0.00,1.619,1000
2025-07-18T12:51:52.051Z,734.20,746.41,0.00,-0.94,1.635,1000
2025-07-18T12:51:55.617Z,734.20,746.54,0.00,-0.77,1.652,1000
2025-07-18T12:52:12.639Z,734.20,746.53,0.00,-0.77,1.652,1000
2025-07-18T12:52:49.267Z,734.20,746.53,0.00,-0.91,1.652,1000
2025-07-18T12:53:08.792Z,734.20,746.64,0.00,-1.00,1.666,1000
2025-07-18T12:53:12.087Z,734.20,746.70,0.00,-0.87,1.674,1000
2025-07-18T12:53:12.434Z,734.20,746.86,0.00,-0.97,1.695,1000
2025-07-18T12:53:15.056Z,734.20,746.88,-0.89,0.00,1.697,1000
2025-07-18T12:53:16.972Z,734.20,746.91,-0.93,0.00,1.701,1000
2025-07-18T12:53:21.320Z,734.20,746.91,-0.91,0.00,1.701,1000
2025-07-18T12:53:23.672Z,734.20,746.97,-0.98,0.00,1.709,1000
2025-07-18T12:53:39.230Z,734.20,746.99,-0.71,0.00,1.712,1000
2025-07-18T12:53:39.670Z,734.20,747.08,-0.83,0.00,1.723,1000
2025-07-18T12:53:42.763Z,734.20,747.09,-0.84,0.00,1.725,1000
2025-07-18T12:53:45.672Z,734.20,747.13,-0.90,0.00,1.73,1000
2025-07-18T12:53:51.740Z,734.20,747.18,-0.95,0.00,1.736,1000
2025-07-18T12:53:59.657Z,734.20,747.31,0.00,-0.95,1.754,1000
2025-07-18T12:54:18.260Z,734.20,747.56,0.00,-0.88,1.786,1000
2025-07-18T12:54:19.411Z,734.20,747.67,0.00,-0.95,1.801,1000
2025-07-18T12:54:21.255Z,734.20,747.73,0.00,-0.97,1.809,1000
2025-07-18T12:54:28.952Z,734.20,747.78,-0.96,0.00,1.816,1000
2025-07-18T12:54:31.534Z,734.20,747.83,-0.86,0.00,1.823,1000
2025-07-18T12:54:32.587Z,734.20,747.91,-0.96,0.00,1.833,1000
2025-07-18T12:54:37.595Z,734.20,748.09,-0.86,0.00,1.856,1000
2025-07-18T12:54:53.171Z,734.20,748.33,0.00,-0.96,1.887,1000
2025-07-18T12:54:55.725Z,734.20,748.35,0.00,-0.92,1.891,1000
2025-07-18T12:54:59.038Z,734.20,748.38,0.00,-0.89,1.895,1000
2025-07-18T12:55:03.130Z,734.20,748.40,0.00,-0.98,1.896,1000
2025-07-18T12:55:08.539Z,734.20,748.40,-0.78,0.00,1.896,1000
2025-07-18T12:55:09.004Z,734.20,748.48,-0.90,0.00,1.908,1000
2025-07-18T12:55:10.816Z,734.20,748.48,-0.90,0.00,1.908,1000
2025-07-18T12:55:13.363Z,734.20,748.75,-0.90,0.00,1.943,1000
2025-07-18T12:55:21.095Z,734.20,748.75,-0.92,0.00,1.943,1000
2025-07-18T12:55:40.612Z,734.20,748.86,-0.94,0.00,1.958,1000
2025-07-18T12:55:51.000Z,734.20,748.99,0.00,-1.05,1.974,1000
2025-07-18T12:55:53.602Z,734.20,749.13,-0.92,0.00,1.992,1000
2025-07-18T12:55:57.841Z,734.20,749.17,-0.82,0.00,1.998,1000
2025-07-18T12:57:23.785Z,734.20,749.23,-0.87,0.00,2.005,1000
2025-07-18T12:57:25.496Z,734.20,749.26,-0.91,0.00,2.01,1000
2025-07-18T12:57:27.575Z,734.20,749.37,0.00,-0.93,2.023,1000
2025-07-18T12:57:31.954Z,734.20,749.49,0.00,-0.86,2.04,1000
2025-07-18T12:57:33.350Z,734.20,749.50,0.00,-0.86,2.041,1000
2025-07-21T12:34:09.752Z,769.86,769.93,-0.93,0.00,0.01,1000
2025-07-21T12:34:28.984Z,769.86,769.97,0.00,-0.99,0.014,1000
2025-07-21T12:34:32.731Z,769.86,770.02,0.00,-0.99,0.022,1000
2025-07-21T12:34:37.911Z,769.86,769.88,-1.00,0.00,0.002,1000
2025-07-21T12:34:39.039Z,769.86,769.99,-1.00,0.00,0.016,1000
2025-07-21T12:34:46.161Z,769.86,769.83,0.00,-0.99,0.004,1000
2025-07-21T12:35:55.580Z,769.86,769.88,0.00,-1.00,0.002,1000
2025-07-21T12:35:57.774Z,769.86,769.98,0.00,-0.94,0.015,1000
2025-07-21T12:35:59.489Z,769.86,769.89,0.00,-0.83,0.005,1000
2025-07-21T12:35:59.852Z,769.86,770.05,0.00,-1.01,0.026,1000
2025-07-21T12:36:01.484Z,769.86,770.13,-0.88,0.00,0.036,1000
2025-07-21T12:36:01.484Z,769.86,770.22,-0.88,0.00,0.046,1000
2025-07-21T12:36:02.240Z,769.86,770.28,-0.95,0.00,0.055,1000
2025-07-21T12:36:03.220Z,769.86,770.32,-1.00,0.00,0.059,1000
2025-07-21T12:36:17.854Z,769.86,770.49,-1.00,0.00,0.083,1000
2025-07-21T12:36:18.181Z,769.86,770.52,-1.00,0.00,0.086,1000
2025-07-21T12:36:27.527Z,769.86,770.57,0.00,-0.98,0.092,1000
2025-07-21T12:36:52.165Z,769.86,770.52,-0.87,0.00,0.086,1000
2025-07-21T12:37:06.673Z,769.86,770.68,-0.91,0.00,0.107,1000
2025-07-21T12:37:07.042Z,769.86,770.74,-1.00,0.00,0.115,1000
2025-07-21T12:37:07.403Z,769.86,770.74,-1.00,0.00,0.115,1000
2025-07-21T12:37:16.801Z,769.86,770.81,0.00,-0.92,0.124,1000
2025-07-21T12:37:29.237Z,769.86,770.91,-1.00,0.00,0.137,1000
2025-07-21T12:37:46.795Z,769.86,771.06,-1.05,0.00,0.156,1000
2025-07-21T12:37:49.783Z,769.86,771.10,0.00,-0.88,0.162,1000
2025-07-21T12:37:50.915Z,769.86,771.21,0.00,-0.90,0.175,1000
2025-07-21T12:38:45.432Z,769.86,771.15,0.00,-0.88,0.168,1000
2025-07-21T12:39:10.134Z,769.86,771.33,0.00,-1.00,0.191,1000
2025-07-21T12:39:15.895Z,769.86,771.47,0.00,-0.94,0.209,1000
2025-07-21T12:39:17.017Z,769.86,771.52,0.00,-0.95,0.216,1000
2025-07-21T12:39:27.299Z,769.86,771.56,-1.00,0.00,0.221,1000
2025-07-21T12:39:30.697Z,769.86,771.61,0.00,-0.95,0.228,1000
2025-07-21T12:39:31.063Z,769.86,771.71,0.00,-0.95,0.241,1000
2025-07-21T12:40:40.127Z,769.86,771.80,-0.92,0.00,0.252,1000
2025-07-21T12:40:42.960Z,769.86,771.91,0.00,-0.88,0.266,1000
2025-07-21T12:40:44.040Z,769.86,771.96,0.00,-1.00,0.273,1000
2025-07-21T12:41:03.679Z,769.86,772.09,-0.82,0.00,0.289,1000
2025-07-21T12:41:04.025Z,769.86,772.23,-1.00,0.00,0.308,1000
2025-07-21T12:43:13.763Z,769.86,772.13,-0.98,0.00,0.295,1000
2025-07-21T12:45:07.011Z,769.86,772.13,0.00,-0.87,0.295,1000
2025-07-21T12:45:10.681Z,769.86,772.13,0.00,-0.86,0.295,1000
2025-07-21T12:45:15.048Z,769.86,772.02,-1.00,0.00,0.28,1000
2025-07-21T12:45:52.303Z,769.86,772.01,0.00,-0.87,0.279,1000
2025-07-21T12:45:56.833Z,769.86,771.92,0.00,-0.90,0.267,1000
2025-07-21T12:45:58.236Z,769.86,771.91,0.00,-1.00,0.266,1000
2025-07-21T12:45:59.337Z,769.86,771.84,0.00,-1.00,0.256,1000
2025-07-21T12:46:03.932Z,769.86,771.84,0.00,-0.97,0.256,1000
2025-07-21T12:46:26.653Z,769.86,771.82,0.00,-0.89,0.255,1000
2025-07-21T12:46:33.237Z,769.86,771.65,0.00,-0.90,0.233,1000
2025-07-21T12:46:35.886Z,769.86,771.53,0.00,-1.00,0.216,1000
2025-07-21T12:48:11.354Z,769.86,771.53,-0.88,0.00,0.216,1000
2025-07-21T12:48:18.605Z,769.86,771.45,-1.00,0.00,0.206,1000
2025-07-21T12:48:21.236Z,769.86,771.38,0.00,-1.00,0.198,1000
2025-07-21T12:48:32.006Z,769.86,771.34,0.00,-0.96,0.191,1000
2025-07-21T12:48:38.161Z,769.86,771.23,0.00,-0.98,0.177,1000
2025-07-21T12:48:40.143Z,769.86,771.15,0.00,-0.95,0.168,1000
2025-07-21T12:50:03.318Z,769.86,771.16,-0.89,0.00,0.169,1000
2025-07-21T12:50:07.678Z,769.86,771.21,-0.94,0.00,0.176,1000
2025-07-21T12:50:08.792Z,769.86,771.27,-0.88,0.00,0.184,1000
2025-07-21T12:50:08.793Z,769.86,771.37,-0.91,0.00,0.195,1000
2025-07-21T12:50:10.807Z,769.86,771.38,-0.99,0.00,0.198,1000
2025-07-21T12:50:10.808Z,769.86,771.48,-0.99,0.00,0.211,1000
2025-07-21T12:50:17.286Z,769.86,771.60,0.00,-0.92,0.226,1000
2025-07-21T12:50:18.061Z,769.86,771.61,-0.95,0.00,0.228,1000
2025-07-21T12:50:20.761Z,769.86,771.69,0.00,-0.95,0.238,1000
2025-07-21T12:50:33.368Z,769.86,771.70,-0.84,0.00,0.238,1000
2025-07-21T12:50:55.993Z,769.86,771.70,-0.83,0.00,0.239,1000
2025-07-21T12:51:02.023Z,769.86,771.71,-0.84,0.00,0.24,1000
2025-07-21T12:51:10.732Z,769.86,771.82,-0.97,0.00,0.255,1000
2025-07-21T12:51:12.868Z,769.86,771.92,0.00,-0.96,0.268,1000
2025-07-21T12:51:14.685Z,769.86,771.96,0.00,-0.97,0.273,1000
2025-07-21T12:51:17.072Z,769.86,772.00,0.00,-0.92,0.277,1000
2025-07-21T12:51:25.200Z,769.86,772.03,0.00,-0.80,0.281,1000
2025-07-21T12:51:27.667Z,769.86,772.21,-1.00,0.00,0.305,1000
2025-07-21T12:51:36.901Z,769.86,772.37,-1.00,0.00,0.326,1000
2025-07-21T12:51:39.125Z,769.86,772.65,0.00,-0.97,0.362,1000
2025-07-21T12:51:43.702Z,769.86,772.76,0.00,-0.94,0.376,1000
2025-07-21T12:52:10.648Z,769.86,773.29,0.00,-0.29,0.444,1000
2025-07-21T12:52:11.787Z,769.86,773.29,0.00,-0.34,0.444,1000
2025-07-21T12:52:13.342Z,769.86,773.25,0.00,-0.35,0.439,1000
2025-07-21T12:52:13.342Z,769.86,773.25,0.00,-0.35,0.439,1000
2025-07-21T12:52:14.074Z,769.86,773.25,0.00,-0.35,0.438,1000
2025-07-21T12:52:16.158Z,769.86,773.24,0.00,-0.35,0.438,1000
2025-07-21T12:52:19.113Z,769.86,773.21,0.00,-0.40,0.433,1000
2025-07-21T12:52:22.207Z,769.86,773.20,0.00,-0.59,0.432,1000
2025-07-21T12:52:22.990Z,769.86,773.12,0.00,-0.61,0.421,1000
2025-07-21T12:52:23.348Z,769.86,773.05,0.00,-0.61,0.412,1000
2025-07-21T12:52:24.169Z,769.86,773.04,0.00,-0.61,0.411,1000
2025-07-21T12:52:31.289Z,769.86,773.03,0.00,-0.62,0.41,1000
2025-07-21T12:52:35.678Z,769.86,772.89,0.00,-0.79,0.393,1000
2025-07-21T12:52:46.216Z,769.86,772.89,0.00,-0.80,0.392,1000
2025-07-21T12:52:54.170Z,769.86,772.87,0.00,-0.83,0.389,1000
2025-07-21T12:54:40.749Z,769.86,772.85,0.00,-0.88,0.387,1000
2025-07-21T12:54:43.386Z,769.86,772.79,0.00,-0.93,0.379,1000
2025-07-21T12:54:49.277Z,769.86,772.73,0.00,-0.91,0.372,1000
2025-07-21T12:54:52.138Z,769.86,772.58,-1.00,0.00,0.353,1000
2025-07-21T12:54:55.433Z,769.86,772.58,-1.00,0.00,0.352,1000
2025-07-21T12:55:09.563Z,769.86,772.49,-0.99,0.00,0.34,1000
2025-07-21T12:55:10.304Z,769.86,772.45,0.00,-1.05,0.335,1000
2025-07-21T12:55:11.811Z,769.86,772.36,0.00,-0.98,0.324,1000
2025-07-21T12:55:12.187Z,769.86,772.35,0.00,-0.98,0.322,1000
2025-07-21T12:55:39.050Z,769.86,772.29,0.00,-0.97,0.314,1000
2025-07-21T12:55:44.166Z,769.86,772.01,0.00,-0.97,0.278,1000
2025-07-21T12:55:46.820Z,769.86,771.97,0.00,-0.96,0.273,1000
2025-07-21T12:55:49.935Z,769.86,771.91,0.00,-1.00,0.266,1000
2025-07-21T12:55:55.594Z,769.86,771.91,0.00,-0.95,0.265,1000
2025-07-21T12:56:55.213Z,769.86,771.95,-0.94,0.00,0.272,1000
2025-07-21T12:56:58.470Z,769.86,771.99,-0.98,0.00,0.277,1000
2025-07-21T12:57:22.769Z,769.86,772.00,-0.86,0.00,0.278,1000
2025-07-21T12:58:43.017Z,769.86,772.01,-0.85,0.00,0.278,1000
2025-07-21T13:00:04.868Z,769.86,772.07,0.00,-0.99,0.287,1000
2025-07-21T13:00:10.001Z,769.86,772.08,-0.93,0.00,0.288,1000
2025-07-21T13:00:12.317Z,769.86,772.20,0.00,-0.98,0.304,1000
2025-07-21T13:00:12.826Z,769.86,772.21,0.00,-0.98,0.305,1000
2025-07-21T13:00:56.999Z,769.86,772.30,0.00,-0.98,0.317,1000
2025-07-21T13:01:03.237Z,769.86,772.31,-0.98,0.00,0.317,1000
2025-07-21T13:02:02.281Z,769.86,772.30,0.00,-0.93,0.316,1000
2025-07-21T13:02:03.031Z,769.86,772.28,0.00,-0.93,0.313,1000
2025-07-21T13:02:05.021Z,769.86,772.27,0.00,-0.93,0.313,1000
2025-07-21T13:02:08.675Z,769.86,772.27,-0.99,0.00,0.312,1000
2025-07-21T13:02:11.708Z,769.86,772.11,0.00,-0.96,0.291,1000
2025-07-21T13:02:16.270Z,769.86,771.97,0.00,-0.96,0.274,1000
2025-07-21T13:02:49.357Z,769.86,771.85,0.00,-0.94,0.258,1000
2025-07-21T13:02:51.738Z,769.86,771.75,0.00,-1.00,0.245,1000
2025-07-21T13:02:52.633Z,769.86,771.74,-1.00,0.00,0.243,1000
2025-07-21T13:02:57.027Z,769.86,771.61,0.00,-0.91,0.227,1000
2025-07-21T13:03:07.369Z,769.86,771.42,-0.97,0.00,0.203,1000
2025-07-21T13:03:24.214Z,769.86,771.41,0.00,-0.93,0.202,1000
2025-07-21T13:03:31.427Z,769.86,771.29,0.00,-0.91,0.186,1000
2025-07-21T13:04:09.356Z,769.86,771.29,0.00,-0.85,0.186,1000
2025-07-21T13:04:34.781Z,769.86,771.29,0.00,-0.88,0.186,1000
2025-07-21T13:05:17.035Z,769.86,770.94,0.00,-1.00,0.141,1000
2025-07-21T13:05:17.768Z,769.86,770.88,0.00,-1.00,0.132,1000
2025-07-21T13:05:22.100Z,769.86,770.77,-0.94,0.00,0.119,1000
2025-07-21T13:05:25.256Z,769.86,770.54,-0.97,0.00,0.089,1000
2025-07-21T13:05:26.757Z,769.86,770.23,-0.81,0.00,0.049,1000
2025-07-21T13:05:33.173Z,769.86,770.10,0.00,-1.00,0.031,1000
2025-07-21T13:05:33.541Z,769.86,770.09,0.00,-1.00,0.029,1000
2025-07-21T13:05:34.417Z,769.86,770.00,-1.00,0.00,0.018,1000
2025-07-21T13:05:35.181Z,769.86,769.83,0.00,-1.00,0.004,1000
2025-07-21T13:05:36.390Z,769.86,769.68,-1.05,0.00,0.023,1000
2025-07-21T13:05:36.805Z,769.86,769.67,0.00,-0.98,0.024,1000
2025-07-21T13:05:39.725Z,769.86,769.40,-1.00,0.00,0.059,1000
2025-07-21T13:05:41.178Z,769.86,769.26,-0.87,0.00,0.078,1000
2025-07-21T13:06:01.077Z,769.86,768.79,-0.93,0.00,0.139,1000
2025-07-21T13:06:01.467Z,769.86,768.62,-0.93,0.00,0.161,1000
2025-07-21T13:06:06.855Z,769.86,768.48,-1.00,0.00,0.179,1000
2025-07-21T13:06:27.528Z,769.86,768.36,0.00,-0.99,0.194,1000
2025-07-21T13:06:48.255Z,769.86,768.02,0.00,-1.00,0.239,1000
2025-07-21T13:06:52.385Z,769.86,767.93,-0.96,0.00,0.251,1000
2025-07-21T13:06:55.924Z,769.86,767.81,0.00,-0.99,0.266,1000
2025-07-21T13:06:56.513Z,769.86,767.80,0.00,-0.99,0.268,1000
2025-07-21T13:06:58.346Z,769.86,767.71,-1.08,0.00,0.279,1000
2025-07-21T13:06:58.715Z,769.86,767.70,-0.92,0.00,0.281,1000
2025-07-21T13:06:59.473Z,769.86,767.54,-1.00,0.00,0.302,1000
2025-07-21T13:07:00.881Z,769.86,767.43,0.00,-1.00,0.316,1000
2025-07-21T13:07:01.220Z,769.86,767.42,-1.00,0.00,0.317,1000
2025-07-21T13:07:38.293Z,769.86,767.42,-0.79,0.00,0.317,1000
2025-07-21T13:07:38.691Z,769.86,767.56,-0.87,0.00,0.3,1000
2025-07-21T13:07:39.983Z,769.86,767.65,-0.99,0.00,0.288,1000
2025-07-21T13:07:40.785Z,769.86,767.65,-0.99,0.00,0.288,1000
2025-07-21T13:07:42.849Z,769.86,767.73,0.00,-0.99,0.278,1000
2025-07-21T13:07:43.188Z,769.86,767.73,-0.98,0.00,0.278,1000
2025-07-21T13:07:44.247Z,769.86,767.74,-0.98,0.00,0.276,1000
2025-07-21T13:07:46.175Z,769.86,767.85,-0.92,0.00,0.262,1000
2025-07-21T13:07:47.296Z,769.86,767.92,-0.92,0.00,0.253,1000
2025-07-21T13:07:48.800Z,769.86,768.01,-1.00,0.00,0.24,1000
2025-07-21T13:07:50.715Z,769.86,768.12,0.00,-0.92,0.227,1000
2025-07-21T13:07:52.208Z,769.86,768.16,0.00,-0.94,0.222,1000
2025-07-21T13:07:52.913Z,769.86,768.28,-1.00,0.00,0.205,1000
2025-07-21T13:07:54.813Z,769.86,768.29,-0.97,0.00,0.204,1000
2025-07-21T13:08:56.267Z,769.86,768.41,0.00,-1.00,0.189,1000
2025-07-21T13:08:57.394Z,769.86,768.50,0.00,-1.00,0.177,1000
2025-07-21T13:09:12.450Z,769.86,768.40,-0.86,0.00,0.189,1000
2025-07-21T13:10:59.877Z,769.86,768.32,0.00,-1.00,0.2,1000
2025-07-21T13:11:01.730Z,769.86,768.18,0.00,-0.98,0.218,1000
2025-07-21T13:11:05.746Z,769.86,768.09,-1.01,0.00,0.23,1000
2025-07-21T13:11:06.585Z,769.86,768.08,-1.01,0.00,0.231,1000
2025-07-21T13:11:07.486Z,769.86,767.93,-0.80,0.00,0.252,1000
2025-07-21T13:11:12.154Z,769.86,767.88,-1.00,0.00,0.257,1000
2025-07-21T13:11:21.133Z,769.86,767.88,0.00,-0.98,0.257,1000
2025-07-21T13:11:25.390Z,769.86,767.70,0.00,-0.97,0.281,1000
2025-07-21T13:11:51.705Z,769.86,767.65,0.00,-1.00,0.287,1000
2025-07-21T13:11:56.753Z,769.86,767.58,-0.99,0.00,0.296,1000
2025-07-21T13:12:35.520Z,769.86,767.58,-0.90,0.00,0.296,1000
2025-07-21T13:12:56.470Z,769.86,767.54,0.00,-0.95,0.301,1000
2025-07-21T13:13:00.103Z,769.86,767.48,0.00,-0.98,0.309,1000
2025-07-21T13:13:05.069Z,769.86,767.48,-1.05,0.00,0.309,1000
2025-07-21T13:13:06.263Z,769.86,767.29,-0.83,0.00,0.334,1000
2025-07-21T13:13:36.778Z,769.86,767.29,-0.79,0.00,0.334,1000
2025-07-21T13:13:42.971Z,769.86,767.29,-0.79,0.00,0.334,1000
2025-07-21T13:14:05.328Z,769.86,767.29,-0.94,0.00,0.334,1000
2025-07-21T13:14:09.058Z,769.86,767.38,0.00,-0.96,0.323,1000
2025-07-21T13:14:20.021Z,769.86,767.52,-0.88,0.00,0.304,1000
2025-07-21T13:14:20.948Z,769.86,767.62,0.00,-1.00,0.292,1000
2025-07-21T13:14:43.227Z,769.86,767.66,-0.92,0.00,0.287,1000
2025-07-21T13:14:43.952Z,769.86,767.70,-0.92,0.00,0.282,1000
2025-07-21T13:15:14.361Z,769.86,767.78,-0.81,0.00,0.271,1000
2025-07-21T13:15:15.294Z,769.86,767.94,0.00,-0.95,0.25,1000
2025-07-21T13:15:16.233Z,769.86,768.00,-0.99,0.00,0.242,1000
2025-07-21T13:15:22.238Z,769.86,768.00,0.00,-0.85,0.242,1000
2025-07-21T13:15:23.649Z,769.86,768.24,0.00,-0.95,0.211,1000
2025-07-21T13:15:24.750Z,769.86,768.35,-0.99,0.00,0.197,1000
2025-07-21T13:15:26.951Z,769.86,768.35,0.00,-1.00,0.196,1000
2025-07-21T13:15:29.946Z,769.86,768.48,-0.91,0.00,0.18,1000
2025-07-21T13:15:33.558Z,769.86,768.59,-0.99,0.00,0.165,1000
2025-07-21T13:15:42.140Z,769.86,768.67,0.00,-0.99,0.154,1000
2025-07-21T13:15:43.058Z,769.86,768.68,0.00,-0.99,0.153,1000
2025-07-21T13:15:48.510Z,769.86,768.77,-0.97,0.00,0.141,1000
2025-07-21T13:15:49.834Z,769.86,768.82,-0.84,0.00,0.136,1000
2025-07-21T13:15:50.607Z,769.86,769.01,0.00,-1.00,0.111,1000
2025-07-21T13:15:52.511Z,769.86,769.05,0.00,-0.94,0.105,1000
2025-07-21T13:16:09.284Z,769.86,769.05,0.00,-0.52,0.106,1000
2025-07-21T13:16:55.627Z,769.86,769.09,-0.97,0.00,0.101,1000
2025-07-21T13:16:56.687Z,769.86,769.21,0.00,-0.84,0.085,1000
2025-07-21T13:16:57.783Z,769.86,769.28,0.00,-0.99,0.074,1000
2025-07-21T13:16:58.146Z,769.86,769.45,-0.91,0.00,0.054,1000
2025-07-21T13:16:59.166Z,769.86,769.52,0.00,-0.79,0.043,1000
2025-07-21T13:16:59.845Z,769.86,769.70,0.00,-0.90,0.021,1000
2025-07-21T13:17:57.853Z,769.86,769.78,-0.97,0.00,0.009,1000
2025-07-21T13:18:01.094Z,769.86,769.83,0.00,-0.98,0.004,1000
2025-07-21T13:18:12.544Z,769.86,769.88,0.00,-0.65,0.004,1000
2025-07-21T13:18:14.053Z,769.86,770.17,-0.87,0.00,0.041,1000
2025-07-21T13:18:14.865Z,769.86,770.27,0.00,-0.99,0.054,1000
2025-07-21T13:18:15.649Z,769.86,770.28,-0.99,0.00,0.055,1000
2025-07-21T13:19:28.703Z,769.86,770.38,-0.89,0.00,0.068,1000
2025-07-21T13:19:30.003Z,769.86,770.49,-0.91,0.00,0.083,1000
2025-07-21T13:19:30.696Z,769.86,770.48,-0.89,0.00,0.08,1000
2025-07-21T13:20:04.109Z,769.86,770.39,0.00,-1.00,0.069,1000
2025-07-21T13:20:05.251Z,769.86,770.37,0.00,-1.00,0.066,1000
2025-07-21T13:20:08.377Z,769.86,770.29,-1.00,0.00,0.057,1000
2025-07-21T13:20:09.743Z,769.86,770.29,0.00,-0.95,0.057,1000
2025-07-21T13:20:10.451Z,769.86,770.21,0.00,-0.95,0.046,1000
2025-07-21T13:20:10.451Z,769.86,770.18,0.00,-0.95,0.042,1000
2025-07-21T13:20:15.256Z,769.86,770.18,0.00,-0.97,0.042,1000
2025-07-21T13:20:27.951Z,769.86,770.28,0.00,-1.00,0.055,1000
2025-07-21T13:21:05.400Z,769.86,770.36,0.00,-0.89,0.065,1000
2025-07-21T13:21:07.064Z,769.86,770.53,0.00,-1.00,0.087,1000
2025-07-21T13:21:20.902Z,769.86,770.63,-0.99,0.00,0.101,1000
2025-07-21T13:21:21.299Z,769.86,770.64,-1.00,0.00,0.102,1000
2025-07-21T13:21:23.586Z,769.86,770.75,0.00,-0.87,0.116,1000
2025-07-21T13:21:24.411Z,769.86,770.76,0.00,-0.86,0.118,1000
2025-07-21T13:21:24.816Z,769.86,770.86,0.00,-1.09,0.131,1000
2025-07-21T13:21:25.565Z,769.86,770.87,0.00,-0.86,0.132,1000
2025-07-21T13:21:26.338Z,769.86,771.05,0.00,-1.00,0.155,1000
2025-07-21T13:21:27.106Z,769.86,771.06,-1.00,0.00,0.156,1000
2025-07-21T13:21:31.427Z,769.86,771.11,0.00,-0.94,0.163,1000
2025-07-21T13:21:44.071Z,769.86,771.21,-0.98,0.00,0.175,1000
2025-07-21T13:21:45.375Z,769.86,771.22,-0.97,0.00,0.177,1000
2025-07-21T13:21:47.982Z,769.86,771.30,0.00,-0.93,0.187,1000
2025-07-21T13:22:47.036Z,769.86,771.44,-0.82,0.00,0.205,1000
2025-07-21T13:22:47.937Z,769.86,771.58,0.00,-0.94,0.224,1000
2025-07-21T13:24:40.774Z,769.86,771.53,0.00,-0.91,0.217,1000
2025-07-21T13:24:46.050Z,769.86,771.49,0.00,-0.91,0.211,1000
2025-07-21T13:24:46.099Z,769.86,771.53,0.00,-0.91,0.217,1000
2025-07-21T13:24:48.110Z,769.86,771.40,0.00,-0.92,0.199,1000
2025-07-21T13:24:48.607Z,769.86,771.38,0.00,-0.98,0.198,1000
2025-07-21T13:24:50.298Z,769.86,771.34,0.00,-0.97,0.191,1000
2025-07-21T13:24:57.984Z,769.86,771.33,0.00,-0.97,0.191,1000
2025-07-21T13:25:13.063Z,769.86,771.42,0.00,-0.91,0.202,1000
2025-07-21T13:25:38.767Z,769.86,771.42,-0.83,0.00,0.202,1000
2025-07-21T13:25:44.340Z,769.86,771.44,-0.85,0.00,0.205,1000
2025-07-21T13:26:11.568Z,769.86,771.89,0.00,-0.79,0.264,1000
2025-07-21T13:26:23.559Z,769.86,771.97,-0.97,0.00,0.274,1000
2025-07-21T13:26:27.611Z,769.86,772.01,0.00,-0.89,0.279,1000
2025-07-21T13:26:28.995Z,769.86,772.09,0.00,-0.89,0.29,1000
2025-07-21T13:26:36.556Z,769.86,772.19,0.00,-0.86,0.303,1000
2025-07-21T13:26:59.429Z,769.86,772.23,0.00,-0.99,0.308,1000
2025-07-21T13:26:59.757Z,769.86,772.38,0.00,-0.99,0.327,1000
2025-07-21T13:27:23.639Z,769.86,772.50,0.00,-0.86,0.342,1000
2025-07-21T13:27:50.577Z,769.86,772.43,0.00,-0.92,0.332,1000
2025-07-21T13:27:54.649Z,769.86,772.25,0.00,-1.00,0.309,1000
2025-07-21T13:27:57.104Z,769.86,772.24,0.00,-0.96,0.309,1000
2025-07-21T13:27:58.641Z,769.86,772.17,0.00,-0.96,0.299,1000
2025-07-21T13:28:00.242Z,769.86,772.17,0.00,-0.96,0.299,1000
2025-07-21T13:28:02.069Z,769.86,772.15,0.00,-0.93,0.297,1000
2025-07-21T13:28:03.876Z,769.86,772.06,0.00,-0.93,0.285,1000
2025-07-21T13:28:04.609Z,769.86,771.97,0.00,-0.93,0.273,1000
2025-07-21T13:28:05.392Z,769.86,771.97,0.00,-0.93,0.273,1000
2025-07-21T13:28:12.164Z,769.86,771.96,0.00,-0.91,0.272,1000
2025-07-21T13:28:15.493Z,769.86,771.73,0.00,-0.96,0.242,1000
2025-07-21T13:28:18.908Z,769.86,771.73,0.00,-0.89,0.242,1000
2025-07-21T13:28:21.850Z,769.86,771.72,0.00,-0.84,0.242,1000
2025-07-21T13:28:27.062Z,769.86,771.72,0.00,-0.98,0.241,1000
2025-07-21T13:28:27.790Z,769.86,771.61,0.00,-0.98,0.227,1000
2025-07-21T13:28:31.709Z,769.86,771.50,0.00,-1.00,0.213,1000
2025-07-21T13:28:37.446Z,769.86,771.40,-1.00,0.00,0.199,1000
2025-07-21T13:28:41.374Z,769.86,771.33,0.00,-1.00,0.19,1000
2025-07-21T13:28:42.858Z,769.86,771.24,0.00,-1.00,0.179,1000
2025-07-21T13:28:43.384Z,769.86,771.23,-1.00,0.00,0.177,1000
2025-07-21T13:28:43.771Z,769.86,771.07,-1.00,0.00,0.158,1000
2025-07-21T13:28:48.365Z,769.86,771.02,0.00,-1.00,0.151,1000
2025-07-21T13:29:24.708Z,769.86,771.10,0.00,-1.00,0.162,1000
2025-07-21T13:29:26.405Z,769.86,771.22,-1.00,0.00,0.177,1000
2025-07-21T13:29:38.440Z,769.86,771.30,-0.97,0.00,0.187,1000
2025-07-21T13:29:38.801Z,769.86,771.32,0.00,-1.00,0.19,1000
2025-07-21T13:29:43.272Z,769.86,771.44,0.00,-0.98,0.206,1000
2025-07-21T13:29:45.700Z,769.86,771.49,0.00,-0.93,0.212,1000
2025-07-21T13:29:46.960Z,769.86,771.56,0.00,-0.93,0.221,1000
2025-07-21T13:29:49.066Z,769.86,771.66,-0.99,0.00,0.234,1000
2025-07-21T13:29:49.826Z,769.86,771.80,0.00,-1.00,0.252,1000
2025-07-21T13:29:51.825Z,769.86,771.88,0.00,-0.89,0.262,1000
2025-07-21T13:30:06.574Z,769.86,772.10,-0.94,0.00,0.291,1000
2025-07-21T13:30:07.668Z,769.86,772.11,-0.94,0.00,0.292,1000
2025-07-21T13:30:32.772Z,769.86,772.27,-0.96,0.00,0.312,1000
2025-07-21T13:30:36.756Z,769.86,772.29,-0.98,0.00,0.314,1000
2025-07-21T13:30:40.543Z,769.86,772.30,-0.77,0.00,0.316,1000
2025-07-21T13:30:43.937Z,769.86,772.31,-0.71,0.00,0.317,1000
2025-07-21T13:30:46.254Z,769.86,772.42,0.00,-0.23,0.332,1000
2025-07-21T13:30:48.177Z,769.86,772.92,0.00,-0.89,0.397,1000
2025-07-21T13:30:50.216Z,769.86,773.48,0.00,-0.59,0.468,1000
2025-07-21T13:30:51.303Z,769.86,773.46,0.00,-0.59,0.465,1000
2025-07-23T10:15:25.869Z,789.16,789.37,0.00,-1.00,0.026,1000
2025-07-23T10:15:28.790Z,789.16,789.42,-0.80,0.00,0.033,1000
2025-07-23T10:15:30.612Z,789.16,789.58,-0.75,0.00,0.052,1000
2025-07-23T10:15:31.336Z,789.16,789.75,-0.98,0.00,0.075,1000
2025-07-23T10:15:32.555Z,789.16,789.76,-0.99,0.00,0.075,1000
2025-07-23T10:15:34.380Z,789.16,789.76,-0.99,0.00,0.075,1000
